{"Arkansas": {"white": [72.0, 75.0, 78.0, 83.0], "black": [3.0, 18.0, 19.0, 21.0], "americanIndian": [0.0, 0.0, 1.0, 1.0], "asian": [1.0, 1.0, 1.0, 2.0], "pacific": [0.0, 0.0, 0.0, 1.0], "someOtherRace": [1.0, 2.0, 3.0, 7.000000000000001], "twoOrMoreRaces": [1.0, 2.0, 2.0, 3.0]}, "North_Carolina": {"white": [34.0, 38.0, 53.0, 66.0, 71.0, 72.0, 74.0, 74.0, 78.0, 78.0, 79.0, 82.0, 90.0], "black": [3.0, 12.0, 12.0, 12.0, 15.0, 17.0, 17.0, 17.0, 19.0, 19.0, 32.0, 51.0, 54.0], "americanIndian": [0.0, 0.0, 0.0, 0.0, 0.0, 1.0, 1.0, 1.0, 1.0, 1.0, 2.0, 2.0, 7.000000000000001], "asian": [1.0, 1.0, 1.0, 1.0, 1.0, 1.0, 1.0, 2.0, 2.0, 3.0, 4.0, 4.0, 5.0], "pacific": [0.0, 0.0, 0.0, 0.0, 0.0, 0.0, 0.0, 0.0, 0.0, 0.0, 0.0, 0.0, 0.0], "someOtherRace": [3.0, 3.0, 3.0, 3.0, 3.0, 4.0, 5.0, 5.0, 5.0, 5.0, 6.0, 6.0, 8.0], "twoOrMoreRaces": [2.0, 2.0, 2.0, 2.0, 2.0, 2.0, 2.0, 2.0, 2.0, 3.0, 3.0, 3.0, 3.0]}, "Virginia": {"white": [35.0, 59.0, 62.0, 63.0, 67.0, 73.0, 73.0, 75.0, 77.0, 84.0, 92.0], "black": [5.0, 7.000000000000001, 11.0, 13.0, 14.000000000000002, 15.0, 17.0, 21.0, 22.0, 32.0, 57.99999999999999], "americanIndian": [0.0, 0.0, 0.0, 0.0, 0.0, 0.0, 0.0, 0.0, 0.0, 0.0, 1.0], "asian": [1.0, 1.0, 2.0, 2.0, 2.0, 3.0, 4.0, 5.0, 11.0, 12.0, 17.0], "pacific": [0.0, 0.0, 0.0, 0.0, 0.0, 0.0, 0.0, 0.0, 0.0, 0.0, 0.0], "someOtherRace": [1.0, 1.0, 2.0, 2.0, 2.0, 2.0, 2.0, 3.0, 5.0, 7.000000000000001, 8.0], "twoOrMoreRaces": [1.0, 2.0, 2.0, 2.0, 2.0, 3.0, 3.0, 4.0, 4.0, 4.0, 5.0]}}
